{
  "week_1": {
    "weekNumber": 1,
    "days": [
      "Mon",
      "Tue",
      "Wed",
      "Thu",
      "Fri",
      "Sat",
      "Sun"
    ],
    "gymScores": [
      0.0,
      17.142857142857142,
      17.142857142857142,
      34.285714285714285,
      44.285714285714285,
      44.285714285714285,
      44.285714285714285
    ],
    "businessScores": [
      8.333333333333334,
      8.333333333333334,
      16.666666666666668,
      25.0,
      33.333333333333336,
      41.666666666666664,
      50.0
    ],
    "gymMeasureScore": null,
    "businessMeasureScore": 80.0
  },
  "week_2": {
    "weekNumber": 2,
    "days": [
      "Mon",
      "Tue",
      "Wed",
      "Thu",
      "Fri",
      "Sat",
      "Sun"
    ],
    "gymScores": [
      0.0,
      0.0,
      0.0,
      0.0,
      0.0,
      0.0,
      0.0
    ],
    "businessScores": [
      0.0,
      0.0,
      0.0,
      0.0,
      0.0,
      0.0,
      0.0
    ],
    "gymMeasureScore": 0.0,
    "businessMeasureScore": 0.0
  }
}