{
  "week_1": {
    "weekNumber": 1,
    "days": [
      "Mon",
      "Tue",
      "Wed",
      "Thu",
      "Fri",
      "Sat",
      "Sun"
    ],
    "gymScores": [
      0.0,
      17.142857142857142,
      17.142857142857142,
      34.285714285714285,
      44.285714285714285,
      44.285714285714285,
      44.285714285714285
    ],
    "businessScores": [
      8.333333333333334,
      8.333333333333334,
      16.666666666666668,
      25.0,
      33.333333333333336,
      41.666666666666664,
      50.0
    ],
    "gymMeasureScore": null,
    "businessMeasureScore": 80.0
  },
  "week_2": {
    "weekNumber": 2,
    "days": [
      "Mon",
      "Tue",
      "Wed",
      "Thu",
      "Fri",
      "Sat",
      "Sun"
    ],
    "gymScores": [
      10.0,
      20.0,
      27.142857142857142,
      27.142857142857142,
      27.142857142857142,
      34.285714285714285,
      41.42857142857143
    ],
    "businessScores": [
      4.761904761904762,
      9.523809523809524,
      17.857142857142858,
      26.19047619047619,
      34.523809523809526,
      34.523809523809526,
      34.523809523809526
    ],
    "gymMeasureScore": 0.0,
    "businessMeasureScore": 52.5
  },
  "week_3": {
    "weekNumber": 3,
    "days": [
      "Mon",
      "Tue",
      "Wed",
      "Thu",
      "Fri",
      "Sat",
      "Sun"
    ],
    "gymScores": [
      10.0,
      27.142857142857142,
      37.14285714285714,
      47.14285714285714,
      57.14285714285714,
      74.28571428571428,
      91.42857142857143
    ],
    "businessScores": [
      0.0,
      13.095238095238095,
      13.095238095238095,
      21.428571428571427,
      29.76190476190476,
      38.095238095238095,
      38.095238095238095
    ],
    "gymMeasureScore": 50.0,
    "businessMeasureScore": 50.0
  },
  "week_4": {
    "weekNumber": 4,
    "days": [
      "Mon",
      "Tue",
      "Wed",
      "Thu",
      "Fri",
      "Sat",
      "Sun"
    ],
    "gymScores": [
      0.0,
      10.0,
      10.0,
      17.142857142857142,
      27.142857142857142,
      44.285714285714285,
      54.285714285714285
    ],
    "businessScores": [
      0.0,
      0.0,
      4.761904761904762,
      21.428571428571427,
      21.428571428571427,
      34.523809523809526,
      34.523809523809526
    ],
    "gymMeasureScore": null,
    "businessMeasureScore": 0.0
  },
  "week_5": {
    "weekNumber": 5,
    "days": [
      "Mon",
      "Tue",
      "Wed",
      "Thu",
      "Fri",
      "Sat",
      "Sun"
    ],
    "gymScores": [
      17.142857142857142,
      17.142857142857142,
      17.142857142857142,
      17.142857142857142,
      17.142857142857142,
      17.142857142857142,
      17.142857142857142
    ],
    "businessScores": [
      0.0,
      0.0,
      0.0,
      0.0,
      0.0,
      0.0,
      0.0
    ],
    "gymMeasureScore": null,
    "businessMeasureScore": null
  }
}